{"loss": [0.8426972031593323, 0.5622475743293762, 0.41774702072143555, 0.1877637803554535, 0.1097981184720993, 0.0674305260181427, 0.03263760358095169, 0.026879439130425453, 0.020370466634631157], "accuracy": [0.6901330351829529, 0.7948340177536011, 0.8464017510414124, 0.9353561401367188, 0.9628435969352722, 0.978498101234436, 0.9898706078529358, 0.991482138633728, 0.9941065311431885], "val_loss": [0.6603163480758667, 0.7643040418624878, 0.7809582948684692, 0.5503069162368774, 0.6196404695510864, 0.6235365867614746, 0.6227635145187378, 0.6496266722679138, 0.6463045477867126], "val_accuracy": [0.7462190985679626, 0.7617115378379822, 0.7539653182029724, 0.833271861076355, 0.83253413438797, 0.8373293876647949, 0.8399114608764648, 0.8439689874649048, 0.8413869142532349], "lr": [0.0010000000474974513, 0.0010000000474974513, 0.0010000000474974513, 0.00020000000949949026, 0.00020000000949949026, 0.00020000000949949026, 4.0000002627493814e-05, 4.0000002627493814e-05, 8.000000889296643e-06]}