{"loss": [1.168317437171936, 0.9771767854690552, 0.9398578405380249, 0.9035785794258118, 0.8892617225646973, 0.8785591721534729, 0.8627535700798035, 0.8596431612968445, 0.8263187408447266, 0.8183225393295288, 0.8142677545547485, 0.8037536144256592, 0.7864754796028137, 0.7905346751213074], "accuracy": [0.5527018308639526, 0.6198103427886963, 0.6336187124252319, 0.6474730968475342, 0.6570468544960022, 0.6584737300872803, 0.6661603450775146, 0.664365291595459, 0.6794163584709167, 0.6830986142158508, 0.6899107098579407, 0.6883918046951294, 0.6961705088615417, 0.6958943009376526], "val_loss": [1.5335932970046997, 1.5460259914398193, 1.5134588479995728, 1.5575408935546875, 1.4911437034606934, 1.5164594650268555, 1.5218887329101562, 1.5862094163894653, 1.5701172351837158, 1.5898829698562622, 1.6873013973236084, 1.5706571340560913, 1.6343153715133667, 1.5942727327346802], "val_accuracy": [0.40685462951660156, 0.3843744099140167, 0.4079602062702179, 0.40151095390319824, 0.442970335483551, 0.43817946314811707, 0.4545789659023285, 0.44481298327445984, 0.45586881041526794, 0.4486825168132782, 0.41017135977745056, 0.45513173937797546, 0.4494195580482483, 0.4484982490539551], "lr": [0.0, 0.0, 0.0, 0.0, 0.0, 0.0, 0.0, 0.0, 0.0, 0.0, 0.0, 0.0, 0.0, 0.0]}